<Rules>
  <Rule Name="Rule #1" Category="Type">
    <Condition>
      <And>
        <GUID Operator="Equal" Value="31767136-ff80-4914-852b-8bf48756dd8e" />
      </And>
    </Condition>
    <Action Name="AddAttribute">
      <Parameter Key="AssemblyName" Value="mscorlib" />
      <Parameter Key="TypeName" Value="System.Runtime.InteropServices.DefaultCharSetAttribute" />
      <Parameter Key="Constructor" Value="Void .ctor(System.Runtime.InteropServices.CharSet)" />
      <Parameter Key="Data" Value="01 00 03 00 00 00 00 00" />
    </Action>
  </Rule>
</Rules>