<Rules>
  <Rule Name="Rule #1" Category="Type">
    <Condition>
      <And>
        <NativeName Operator="Equal" Value="TargetType" />
      </And>
    </Condition>
    <Action Name="ChangeManagedName">
      <Parameter Key="NewName" Value="NewType" />
    </Action>
  </Rule>
  <Rule Name="Rule #2" Category="Function">
    <Condition>
      <And>
        <NativeParentTypeName Operator="Equal" Value="TargetType" />
      </And>
    </Condition>
    <Action Name="PreserveSig" />
  </Rule>
</Rules>